instances/berlin.txt,0,1,0,0.0
instances/berlin.txt,126,1,1,0.005003452301025391
instances/berlin.txt,225,1,2,0.006000041961669922
