instances/lak303d.txt,0,1,0,0.0
instances/lak303d.txt,93,1,1,0.001001119613647461
instances/lak303d.txt,170,1,2,0.002001047134399414
instances/lak303d.txt,222,1,3,0.0019981861114501953
instances/lak303d.txt,284,1,4,0.0019996166229248047
instances/lak303d.txt,461,1,5,0.003999948501586914
instances/lak303d.txt,624,1,6,0.0049936771392822266
instances/lak303d.txt,703,1,7,0.005995512008666992
instances/lak303d.txt,819,1,8,0.008002042770385742
